Title,URL,Date
What Is Data Scraping And How Can You Use It?,https://www.targetinternet.com/resources/what-is-data-scraping-and-how-can-you-use-it,"Sep 13, 2017"
What is data scraping? - YouTube,https://www.youtube.com/watch?v=COeMzrSYgvw,"Oct 30, 2020"
What is Web Scraping and What is it Used For? | ParseHub,https://www.parsehub.com/blog/what-is-web-scraping/,"Aug 1, 2021"
Web Scraping Software - UiPath,https://www.uipath.com/solutions/technology/web-scraping-software,"Jan 31, 2015"
Web Scraping Examples: How are Businesses Using Web ...,https://www.parsehub.com/blog/web-scraping-examples/,"Feb 1, 2022"
What is DATA SCRAPING? What does DATA ... - YouTube,https://www.youtube.com/watch?v=omTtMylcWOI,"Sep 21, 2017"
Is Web Scraping Legal? Explanation and Examples - ParseHub,https://www.parsehub.com/blog/web-scraping-legal/,"Jul 14, 2021"
7 Best Web Scraping Tools To Extract Data,https://betterprogramming.pub/data-scraping-tools-7cb76eeab89e,"Apr 26, 2021"
Data Scraping Crawler - PhantomBuster,https://phantombuster.com/automations/toolbox/22972/data-scraping-crawler,"Jul 24, 2019"
Is Web Scraping Easy? How to Scrape Data without Coding ...,https://www.parsehub.com/blog/web-scraping-easy/,"Feb 10, 2020"
10 FREE Web Scrapers That You Cannot Miss in 2022,https://www.octoparse.com/blog/9-free-web-scrapers-that-you-cannot-miss,3 weeks ago
Web Scraping Techniques: How to Scrape Data from the Internet,https://www.parsehub.com/blog/web-scraping-techniques/,"Mar 16, 2020"
Web Scraping vs API: What's the Difference? - ParseHub,https://www.parsehub.com/blog/web-scraping-vs-api/,"Mar 9, 2020"
Web Scraping vs Web Crawling: The Differences - Oxylabs,https://oxylabs.io/blog/crawling-vs-scraping,"Oct 10, 2019"
Web scraping – everything you need to know - Smartproxy,https://smartproxy.com/what-is-web-scraping,"Oct 4, 2019"
Web scraping for Beginners | Introduction guide - ParseHub,https://www.parsehub.com/blog/beginners-guide-to-web-scraping/,"Nov 17, 2020"
Manage and Prevent Web Scraping - F5 Networks,https://www.f5.com/solutions/scraping,"May 20, 2020"
10 Best Open Source Web Scrapers in 2022 - Octoparse,https://www.octoparse.com/blog/10-best-open-source-web-scraper,5 days ago
12 Popular Cloud-based Web Scraping Solutions - Geekflare,https://geekflare.com/web-scraping-tools/,1 month ago
Web Scraping vs Data Mining: What's the Difference?,https://www.parsehub.com/blog/web-scraping-vs-data-mining/,"Mar 2, 2020"
Web Scraping Tool & Free Web Crawlers | Octoparse,https://www.octoparse.com/WebScraping,"Sep 9, 2021"
ParseHub | Free web scraping - The most powerful web scraper,https://www.parsehub.com/,"Dec 5, 2013"
What Is Web Scraping - Basics & Practical Uses - Octoparse,https://www.octoparse.com/blog/what-is-web-scraping-basics-and-use-cases,"Jan 24, 2022"
How does web scraping work? - ParseHub,https://www.parsehub.com/blog/how-web-scraping-works/,"Feb 24, 2020"
What is Web Scraping? | Practical Uses & Methods - WebHarvy,https://www.webharvy.com/articles/what-is-web-scraping.html,"Oct 25, 2021"
FAQ|15 Most Frequently Asked Questions about Web Scraping,https://www.octoparse.com/blog/15-most-frequently-asked-questions-of-web-scraping,"Mar 9, 2022"
How to Scrape Data with a Simple and Easy-to-Use Scraper,https://www.parsehub.com/blog/simple-easy-web-scraper/,"Aug 31, 2020"
Top Data Scraping Tools you must know for 2022 to assist ...,https://www.octoparse.com/blog/best-data-scraping-tools-for-2021,"Mar 18, 2022"
Web Data Extraction Automation - UiPath,https://www.uipath.com/learning/video-tutorials/web-data-extraction-automation,"Jan 19, 2021"
The Best Web Scraping Tools for 2021 - ScrapingBee,https://www.scrapingbee.com/blog/web-scraping-tools/,"Jun 11, 2021"
Python Web Scraping Tutorial For Beginners - YouTube,https://www.youtube.com/watch?v=HXzhC-CzAJ4,"Sep 20, 2020"
"Web scraping, data scraper, data mining and data extraction",https://www.upwork.com/services/product/the-scraped-data-from-the-websites-you-want-in-excel-or-in-spread-sheet-1320010697196572672,"Jan 25, 2022"
NoCoding Data Scraper - Easy Web Scraping,https://microsoftedge.microsoft.com/addons/detail/nocoding-data-scraper-i/daiklcgdelcbcmjepemiklfglodmofbm,"Aug 27, 2020"
Web Scraping vs Web Crawling: What's the Difference?,https://www.parsehub.com/blog/web-scraping-vs-web-crawling/,"Feb 3, 2020"
WHAT IS DATA SCRAPING AND HOW CAN YOU USE IT?,https://www.linkedin.com/pulse/what-data-scraping-how-can-you-use-daniel-rowles,"Nov 21, 2017"
Best Data Scraping Tools for 2021 (Top 10 Reviews),https://medium.datadriveninvestor.com/best-data-scraping-tools-for-2019-top-10-reviews-4a686061a184,"May 6, 2019"
Watch | What is data scraping? - The Hindu,https://www.thehindu.com/sci-tech/technology/what-is-data-scraping/article32908610.ece,"Oct 21, 2020"
Web Scraping: Let Web Data Feed Your Website - WP All Import,https://www.wpallimport.com/web-scraping/,"Dec 28, 2021"
Instant Data Scraper Chorme Extension | Learn Web Scraping,https://www.youtube.com/watch?v=Y5lodOYAURY,"Aug 16, 2021"
Implementing Web Scraping in Python with BeautifulSoup,https://www.geeksforgeeks.org/implementing-web-scraping-python-beautiful-soup/,2 weeks ago
Web Scraping Software to Extract Data from Websites - Agenty,https://agenty.com/products/scraping-agent/,"Jun 8, 2021"
"Web Scraping with Beautiful Soup, Selenium, or Scrapy?",https://towardsdatascience.com/web-scraping-with-beautiful-soup-selenium-or-scrapy-62c6f3545de7,"Dec 16, 2020"
Data Scraping for SEO & Analytics - Tutorial - Optimize Smart,https://www.optimizesmart.com/data-scraping-guide-for-seo/,"Aug 26, 2021"
You will get Web Scraping/Data Scraping & Data Extraction or ...,https://www.upwork.com/services/product/web-scraping-data-scraping-data-extraction-or-web-automation-service-1347963497385902080,2 days ago
What can Web Scraping be Used For? - ParseHub,https://www.parsehub.com/blog/web-scraping-uses/,"Feb 17, 2020"
Web Scraper for Mac: How to Scrape Data from Any Website ...,https://www.parsehub.com/blog/web-scraper-mac/,"May 4, 2020"
Web scraping data with Azure Data Factory - SQLShack,https://www.sqlshack.com/web-scraping-data-with-azure-data-factory/,"Aug 3, 2021"
Web Scraping with Python Made Easy - Towards Data Science,https://towardsdatascience.com/web-scraping-with-python-made-easy-f069ffaf7754,"Jan 28, 2020"
Data Mining & Web Scraping Services - Upwork,https://www.upwork.com/services/data-analysis-reports/data-mining-scraping,"Nov 7, 2020"
Build a Web Scraping Tool using Azure Data Factory,https://www.mssqltips.com/sqlservertip/7042/web-scraping-azure-data-factory/,"Nov 24, 2021"
